timestamp, index, utilization.gpu [%], memory.used [MiB], power.draw [W]
2026/09/19 23:43:26.029, 0, 94 %, 21823 MiB, 356.43 W
2026/09/19 23:43:26.030, 1, 91 %, 20893 MiB, 350.05 W
2026/09/19 23:43:56.032, 0, 97 %, 21823 MiB, 380.00 W
2026/09/19 23:43:56.033, 1, 91 %, 20893 MiB, 339.25 W
2026/09/19 23:44:26.034, 0, 94 %, 21823 MiB, 357.01 W
2026/09/19 23:44:26.035, 1, 91 %, 20893 MiB, 328.49 W
2026/09/19 23:44:56.037, 0, 95 %, 21823 MiB, 366.17 W
2026/09/19 23:44:56.038, 1, 92 %, 20893 MiB, 373.69 W
2026/09/19 23:45:26.039, 0, 92 %, 21823 MiB, 373.10 W
2026/09/19 23:45:26.040, 1, 91 %, 20893 MiB, 350.67 W
2026/09/19 23:45:56.042, 0, 94 %, 21823 MiB, 358.04 W
2026/09/19 23:45:56.043, 1, 91 %, 20893 MiB, 328.44 W
2026/09/19 23:46:26.044, 0, 94 %, 21823 MiB, 357.39 W
2026/09/19 23:46:26.045, 1, 85 %, 20893 MiB, 355.48 W
2026/09/19 23:46:56.046, 0, 95 %, 21823 MiB, 399.87 W
2026/09/19 23:46:56.048, 1, 88 %, 20893 MiB, 344.57 W
2026/09/19 23:47:26.049, 0, 94 %, 21823 MiB, 356.71 W
2026/09/19 23:47:26.050, 1, 91 %, 20893 MiB, 334.55 W
2026/09/19 23:47:56.051, 0, 95 %, 21823 MiB, 357.12 W
2026/09/19 23:47:56.053, 1, 91 %, 20893 MiB, 346.42 W
2026/09/19 23:48:26.054, 0, 94 %, 21823 MiB, 356.61 W
2026/09/19 23:48:26.055, 1, 91 %, 20893 MiB, 332.69 W
2026/09/19 23:48:56.056, 0, 94 %, 21823 MiB, 360.60 W
2026/09/19 23:48:56.057, 1, 91 %, 21537 MiB, 360.98 W
2026/09/19 23:49:26.058, 0, 94 %, 21823 MiB, 356.78 W
2026/09/19 23:49:26.060, 1, 97 %, 21537 MiB, 369.92 W
2026/09/19 23:49:56.061, 0, 98 %, 21823 MiB, 376.12 W
2026/09/19 23:49:56.062, 1, 91 %, 21537 MiB, 325.46 W
2026/09/19 23:50:26.063, 0, 94 %, 21823 MiB, 357.85 W
2026/09/19 23:50:26.064, 1, 91 %, 21537 MiB, 330.84 W
2026/09/19 23:50:56.065, 0, 94 %, 21823 MiB, 362.61 W
2026/09/19 23:50:56.066, 1, 91 %, 21537 MiB, 328.03 W
2026/09/19 23:51:26.067, 0, 100 %, 21823 MiB, 410.74 W
2026/09/19 23:51:26.069, 1, 93 %, 21537 MiB, 357.62 W
2026/09/19 23:51:56.070, 0, 95 %, 21823 MiB, 359.29 W
2026/09/19 23:51:56.070, 1, 91 %, 21537 MiB, 375.13 W
2026/09/19 23:52:26.072, 0, 94 %, 21823 MiB, 376.64 W
2026/09/19 23:52:26.073, 1, 89 %, 21537 MiB, 360.22 W
2026/09/19 23:52:56.075, 0, 95 %, 21823 MiB, 380.13 W
2026/09/19 23:52:56.076, 1, 77 %, 21537 MiB, 361.67 W
2026/09/19 23:53:26.078, 0, 94 %, 21823 MiB, 358.96 W
2026/09/19 23:53:26.079, 1, 88 %, 21537 MiB, 343.88 W
2026/09/19 23:53:56.081, 0, 95 %, 21823 MiB, 358.57 W
2026/09/19 23:53:56.081, 1, 91 %, 21537 MiB, 327.83 W
2026/09/19 23:54:26.083, 0, 95 %, 21823 MiB, 358.80 W
2026/09/19 23:54:26.088, 1, 91 %, 21537 MiB, 331.58 W
2026/09/19 23:54:56.089, 0, 95 %, 21823 MiB, 393.49 W
2026/09/19 23:54:56.090, 1, 91 %, 21537 MiB, 362.45 W
2026/09/19 23:55:26.091, 0, 95 %, 21823 MiB, 367.07 W
2026/09/19 23:55:26.092, 1, 91 %, 21537 MiB, 350.82 W
2026/09/19 23:55:56.093, 0, 91 %, 21823 MiB, 372.48 W
2026/09/19 23:55:56.095, 1, 90 %, 21537 MiB, 349.32 W
2026/09/19 23:56:26.096, 0, 94 %, 21823 MiB, 385.09 W
2026/09/19 23:56:26.097, 1, 91 %, 21537 MiB, 352.08 W
2026/09/19 23:56:56.099, 0, 95 %, 21823 MiB, 358.25 W
2026/09/19 23:56:56.100, 1, 91 %, 21537 MiB, 358.43 W
2026/09/19 23:57:26.101, 0, 95 %, 21823 MiB, 357.37 W
2026/09/19 23:57:26.102, 1, 91 %, 21537 MiB, 327.26 W
2026/09/19 23:57:56.103, 0, 95 %, 21823 MiB, 358.28 W
2026/09/19 23:57:56.104, 1, 91 %, 21537 MiB, 394.16 W
2026/09/19 23:58:26.105, 0, 95 %, 21823 MiB, 358.39 W
2026/09/19 23:58:26.106, 1, 52 %, 21537 MiB, 227.97 W
2026/09/19 23:58:56.107, 0, 94 %, 22135 MiB, 359.32 W
2026/09/19 23:58:56.108, 1, 100 %, 21355 MiB, 377.53 W
2026/09/19 23:59:26.109, 0, 94 %, 22135 MiB, 358.42 W
2026/09/19 23:59:26.111, 1, 89 %, 22225 MiB, 360.67 W
2026/09/19 23:59:56.112, 0, 96 %, 22135 MiB, 390.02 W
2026/09/19 23:59:56.113, 1, 91 %, 22225 MiB, 336.26 W
2026/09/20 00:00:26.114, 0, 95 %, 22135 MiB, 361.31 W
2026/09/20 00:00:26.116, 1, 91 %, 22225 MiB, 378.00 W
2026/09/20 00:00:56.117, 0, 95 %, 22135 MiB, 357.49 W
2026/09/20 00:00:56.118, 1, 94 %, 22225 MiB, 353.45 W
2026/09/20 00:01:26.119, 0, 94 %, 22135 MiB, 356.76 W
2026/09/20 00:01:26.120, 1, 91 %, 22225 MiB, 367.77 W
2026/09/20 00:01:56.121, 0, 95 %, 22135 MiB, 357.87 W
2026/09/20 00:01:56.122, 1, 86 %, 22225 MiB, 373.35 W
2026/09/20 00:02:26.128, 0, 94 %, 22135 MiB, 372.83 W
2026/09/20 00:02:26.128, 1, 91 %, 22225 MiB, 355.14 W
2026/09/20 00:02:56.130, 0, 94 %, 22135 MiB, 367.73 W
2026/09/20 00:02:56.130, 1, 91 %, 22225 MiB, 361.86 W
2026/09/20 00:03:26.132, 0, 95 %, 22135 MiB, 393.31 W
2026/09/20 00:03:26.133, 1, 90 %, 22225 MiB, 348.26 W
2026/09/20 00:03:56.135, 0, 94 %, 22135 MiB, 360.95 W
2026/09/20 00:03:56.136, 1, 90 %, 22225 MiB, 348.93 W
2026/09/20 00:04:26.137, 0, 95 %, 22135 MiB, 360.94 W
2026/09/20 00:04:26.138, 1, 91 %, 22225 MiB, 329.64 W
2026/09/20 00:04:56.140, 0, 95 %, 22135 MiB, 381.76 W
2026/09/20 00:04:56.141, 1, 91 %, 22225 MiB, 359.09 W
2026/09/20 00:05:26.142, 0, 95 %, 22135 MiB, 359.94 W
2026/09/20 00:05:26.143, 1, 95 %, 22225 MiB, 364.06 W
2026/09/20 00:05:56.144, 0, 95 %, 22135 MiB, 386.93 W
2026/09/20 00:05:56.145, 1, 91 %, 22225 MiB, 327.22 W
2026/09/20 00:06:26.147, 0, 95 %, 22135 MiB, 394.48 W
2026/09/20 00:06:26.148, 1, 91 %, 22225 MiB, 355.80 W
2026/09/20 00:06:56.149, 0, 94 %, 22135 MiB, 358.26 W
2026/09/20 00:06:56.150, 1, 90 %, 22225 MiB, 365.83 W
2026/09/20 00:07:26.152, 0, 100 %, 22135 MiB, 387.36 W
2026/09/20 00:07:26.153, 1, 91 %, 22225 MiB, 327.70 W
2026/09/20 00:07:56.154, 0, 95 %, 22135 MiB, 357.54 W
2026/09/20 00:07:56.155, 1, 100 %, 22225 MiB, 380.77 W
2026/09/20 00:08:26.157, 0, 95 %, 22135 MiB, 399.16 W
2026/09/20 00:08:26.158, 1, 91 %, 22225 MiB, 351.81 W
2026/09/20 00:08:56.161, 0, 95 %, 22135 MiB, 403.04 W
2026/09/20 00:08:56.162, 1, 97 %, 22225 MiB, 339.07 W
2026/09/20 00:09:26.164, 0, 95 %, 22135 MiB, 357.13 W
2026/09/20 00:09:26.165, 1, 91 %, 22225 MiB, 331.40 W
2026/09/20 00:09:56.167, 0, 95 %, 22135 MiB, 357.66 W
2026/09/20 00:09:56.168, 1, 92 %, 22225 MiB, 375.89 W
2026/09/20 00:10:26.170, 0, 96 %, 22135 MiB, 406.67 W
2026/09/20 00:10:26.171, 1, 94 %, 22225 MiB, 358.53 W
2026/09/20 00:10:56.191, 0, 95 %, 22135 MiB, 358.40 W
2026/09/20 00:10:56.193, 1, 91 %, 22225 MiB, 356.43 W
2026/09/20 00:11:26.195, 0, 98 %, 22135 MiB, 393.56 W
2026/09/20 00:11:26.196, 1, 91 %, 22225 MiB, 405.91 W
2026/09/20 00:11:56.198, 0, 94 %, 22135 MiB, 361.99 W
2026/09/20 00:11:56.200, 1, 91 %, 22225 MiB, 330.47 W
2026/09/20 00:12:26.202, 0, 94 %, 22135 MiB, 374.29 W
2026/09/20 00:12:26.202, 1, 100 %, 22225 MiB, 369.42 W
2026/09/20 00:12:56.204, 0, 95 %, 22135 MiB, 392.85 W
2026/09/20 00:12:56.205, 1, 92 %, 22225 MiB, 367.37 W
2026/09/20 00:13:26.207, 0, 95 %, 22135 MiB, 353.98 W
2026/09/20 00:13:26.209, 1, 100 %, 22225 MiB, 360.99 W
2026/09/20 00:13:56.211, 0, 98 %, 22135 MiB, 362.29 W
2026/09/20 00:13:56.212, 1, 91 %, 22225 MiB, 348.27 W
2026/09/20 00:14:26.214, 0, 94 %, 22135 MiB, 357.25 W
2026/09/20 00:14:26.215, 1, 91 %, 22225 MiB, 332.91 W
2026/09/20 00:14:56.217, 0, 95 %, 22135 MiB, 356.71 W
2026/09/20 00:14:56.218, 1, 91 %, 22225 MiB, 328.51 W
2026/09/20 00:15:26.219, 0, 95 %, 22135 MiB, 354.78 W
2026/09/20 00:15:26.220, 1, 91 %, 22225 MiB, 329.05 W
2026/09/20 00:15:56.221, 0, 94 %, 22135 MiB, 356.10 W
2026/09/20 00:15:56.223, 1, 93 %, 22225 MiB, 341.76 W
2026/09/20 00:16:26.224, 0, 95 %, 22135 MiB, 356.85 W
2026/09/20 00:16:26.225, 1, 91 %, 22225 MiB, 339.19 W
2026/09/20 00:16:56.227, 0, 94 %, 22135 MiB, 356.40 W
2026/09/20 00:16:56.228, 1, 91 %, 22225 MiB, 326.73 W
2026/09/20 00:17:26.231, 0, 94 %, 22135 MiB, 355.72 W
2026/09/20 00:17:26.232, 1, 91 %, 22225 MiB, 327.79 W
2026/09/20 00:17:56.233, 0, 95 %, 22135 MiB, 358.17 W
2026/09/20 00:17:56.234, 1, 100 %, 22225 MiB, 400.93 W
2026/09/20 00:18:26.235, 0, 94 %, 22135 MiB, 355.72 W
2026/09/20 00:18:26.240, 1, 85 %, 22225 MiB, 354.33 W
2026/09/20 00:18:56.242, 0, 98 %, 22135 MiB, 374.73 W
2026/09/20 00:18:56.243, 1, 91 %, 22225 MiB, 329.10 W
2026/09/20 00:19:26.245, 0, 95 %, 22135 MiB, 356.40 W
2026/09/20 00:19:26.246, 1, 92 %, 22225 MiB, 333.70 W
2026/09/20 00:19:56.248, 0, 95 %, 22135 MiB, 356.35 W
2026/09/20 00:19:56.249, 1, 92 %, 22225 MiB, 327.72 W
2026/09/20 00:20:26.251, 0, 98 %, 22135 MiB, 377.58 W
2026/09/20 00:20:26.252, 1, 91 %, 22225 MiB, 336.35 W
2026/09/20 00:20:56.254, 0, 95 %, 22135 MiB, 356.23 W
2026/09/20 00:20:56.255, 1, 91 %, 22225 MiB, 325.31 W
2026/09/20 00:21:26.256, 0, 95 %, 22135 MiB, 355.36 W
2026/09/20 00:21:26.257, 1, 85 %, 22225 MiB, 346.22 W
2026/09/20 00:21:56.258, 0, 95 %, 22135 MiB, 366.08 W
2026/09/20 00:21:56.259, 1, 93 %, 22225 MiB, 350.06 W
2026/09/20 00:22:26.261, 0, 95 %, 22135 MiB, 358.06 W
2026/09/20 00:22:26.263, 1, 91 %, 22225 MiB, 348.53 W
2026/09/20 00:22:56.264, 0, 95 %, 22135 MiB, 357.54 W
2026/09/20 00:22:56.265, 1, 91 %, 22225 MiB, 348.74 W
2026/09/20 00:23:26.267, 0, 100 %, 22135 MiB, 421.84 W
2026/09/20 00:23:26.267, 1, 91 %, 22225 MiB, 340.58 W
2026/09/20 00:23:56.269, 0, 95 %, 22135 MiB, 361.14 W
2026/09/20 00:23:56.270, 1, 91 %, 22225 MiB, 352.12 W
2026/09/20 00:24:26.272, 0, 94 %, 22135 MiB, 358.89 W
2026/09/20 00:24:26.273, 1, 93 %, 22225 MiB, 362.87 W
2026/09/20 00:24:56.275, 0, 100 %, 22135 MiB, 398.82 W
2026/09/20 00:24:56.276, 1, 91 %, 22225 MiB, 370.61 W
2026/09/20 00:25:26.278, 0, 94 %, 22135 MiB, 362.70 W
2026/09/20 00:25:26.279, 1, 91 %, 22225 MiB, 348.59 W
2026/09/20 00:25:56.280, 0, 94 %, 22135 MiB, 358.27 W
2026/09/20 00:25:56.282, 1, 94 %, 22225 MiB, 339.48 W
2026/09/20 00:26:26.284, 0, 95 %, 22135 MiB, 357.36 W
2026/09/20 00:26:26.285, 1, 91 %, 22225 MiB, 348.43 W
2026/09/20 00:26:56.286, 0, 95 %, 22135 MiB, 359.12 W
2026/09/20 00:26:56.287, 1, 91 %, 22225 MiB, 344.45 W
2026/09/20 00:27:26.289, 0, 95 %, 22135 MiB, 393.30 W
2026/09/20 00:27:26.290, 1, 91 %, 22225 MiB, 355.18 W
2026/09/20 00:27:56.292, 0, 95 %, 22135 MiB, 356.81 W
2026/09/20 00:27:56.293, 1, 92 %, 22225 MiB, 351.28 W
2026/09/20 00:28:26.295, 0, 94 %, 22135 MiB, 357.19 W
2026/09/20 00:28:26.296, 1, 91 %, 22225 MiB, 326.42 W
2026/09/20 00:28:56.298, 0, 95 %, 22135 MiB, 356.88 W
2026/09/20 00:28:56.299, 1, 93 %, 22225 MiB, 356.63 W
2026/09/20 00:29:26.300, 0, 95 %, 22135 MiB, 357.67 W
2026/09/20 00:29:26.301, 1, 91 %, 22225 MiB, 355.12 W
2026/09/20 00:29:56.303, 0, 95 %, 22135 MiB, 357.75 W
2026/09/20 00:29:56.304, 1, 95 %, 22225 MiB, 370.54 W
2026/09/20 00:30:26.306, 0, 94 %, 22135 MiB, 385.27 W
2026/09/20 00:30:26.307, 1, 88 %, 22225 MiB, 357.03 W
2026/09/20 00:30:56.309, 0, 95 %, 22135 MiB, 357.20 W
2026/09/20 00:30:56.309, 1, 91 %, 22225 MiB, 354.95 W
2026/09/20 00:31:26.311, 0, 95 %, 22135 MiB, 358.60 W
2026/09/20 00:31:26.312, 1, 91 %, 22225 MiB, 377.77 W
2026/09/20 00:31:56.314, 0, 95 %, 22135 MiB, 378.89 W
2026/09/20 00:31:56.315, 1, 91 %, 22225 MiB, 339.20 W
2026/09/20 00:32:26.316, 0, 94 %, 22135 MiB, 357.38 W
2026/09/20 00:32:26.317, 1, 93 %, 22225 MiB, 342.84 W
2026/09/20 00:32:56.319, 0, 95 %, 22135 MiB, 357.58 W
2026/09/20 00:32:56.320, 1, 91 %, 22225 MiB, 328.81 W
2026/09/20 00:33:26.322, 0, 94 %, 22135 MiB, 361.95 W
2026/09/20 00:33:26.323, 1, 89 %, 22225 MiB, 336.21 W
2026/09/20 00:33:56.325, 0, 94 %, 22135 MiB, 357.30 W
2026/09/20 00:33:56.326, 1, 91 %, 22225 MiB, 327.46 W
2026/09/20 00:34:26.327, 0, 95 %, 22135 MiB, 357.01 W
2026/09/20 00:34:26.328, 1, 94 %, 22225 MiB, 351.38 W
2026/09/20 00:34:56.330, 0, 95 %, 22135 MiB, 376.26 W
2026/09/20 00:34:56.333, 1, 93 %, 22225 MiB, 361.35 W
2026/09/20 00:35:26.334, 0, 95 %, 22135 MiB, 354.39 W
2026/09/20 00:35:26.335, 1, 91 %, 22225 MiB, 348.89 W
2026/09/20 00:35:56.336, 0, 95 %, 22463 MiB, 370.27 W
2026/09/20 00:35:56.337, 1, 91 %, 22225 MiB, 339.50 W
2026/09/20 00:36:26.339, 0, 95 %, 22463 MiB, 387.58 W
2026/09/20 00:36:26.340, 1, 83 %, 22225 MiB, 356.03 W
2026/09/20 00:36:56.342, 0, 95 %, 22463 MiB, 361.43 W
2026/09/20 00:36:56.343, 1, 98 %, 22225 MiB, 367.58 W
2026/09/20 00:37:26.345, 0, 95 %, 22463 MiB, 359.75 W
2026/09/20 00:37:26.346, 1, 91 %, 22225 MiB, 358.04 W
2026/09/20 00:37:56.348, 0, 95 %, 22463 MiB, 359.22 W
2026/09/20 00:37:56.348, 1, 91 %, 22225 MiB, 327.26 W
2026/09/20 00:38:26.350, 0, 95 %, 22463 MiB, 358.36 W
2026/09/20 00:38:26.351, 1, 92 %, 22225 MiB, 365.45 W
2026/09/20 00:38:56.352, 0, 97 %, 22463 MiB, 388.18 W
2026/09/20 00:38:56.353, 1, 84 %, 22225 MiB, 345.48 W
2026/09/20 00:39:26.355, 0, 94 %, 22463 MiB, 377.95 W
2026/09/20 00:39:26.356, 1, 91 %, 22225 MiB, 380.38 W
2026/09/20 00:39:56.357, 0, 95 %, 22463 MiB, 356.31 W
2026/09/20 00:39:56.359, 1, 91 %, 22225 MiB, 347.95 W
2026/09/20 00:40:26.360, 0, 95 %, 22463 MiB, 365.96 W
2026/09/20 00:40:26.361, 1, 91 %, 22225 MiB, 345.20 W
2026/09/20 00:40:56.363, 0, 94 %, 22463 MiB, 356.94 W
2026/09/20 00:40:56.364, 1, 91 %, 22225 MiB, 353.80 W
2026/09/20 00:41:26.366, 0, 94 %, 22463 MiB, 357.11 W
2026/09/20 00:41:26.367, 1, 90 %, 22225 MiB, 354.06 W
2026/09/20 00:41:56.369, 0, 94 %, 22463 MiB, 357.17 W
2026/09/20 00:41:56.370, 1, 91 %, 22225 MiB, 377.71 W
2026/09/20 00:42:26.372, 0, 95 %, 22463 MiB, 391.98 W
2026/09/20 00:42:26.373, 1, 94 %, 22225 MiB, 351.56 W
2026/09/20 00:42:56.374, 0, 95 %, 22463 MiB, 358.77 W
2026/09/20 00:42:56.375, 1, 91 %, 22225 MiB, 343.53 W
2026/09/20 00:43:26.377, 0, 94 %, 22463 MiB, 359.00 W
2026/09/20 00:43:26.377, 1, 97 %, 22225 MiB, 368.86 W
2026/09/20 00:43:56.380, 0, 95 %, 22463 MiB, 358.77 W
2026/09/20 00:43:56.381, 1, 91 %, 22225 MiB, 339.82 W
2026/09/20 00:44:26.382, 0, 95 %, 22463 MiB, 358.52 W
2026/09/20 00:44:26.383, 1, 91 %, 22225 MiB, 387.92 W
2026/09/20 00:44:56.385, 0, 95 %, 22463 MiB, 358.78 W
2026/09/20 00:44:56.386, 1, 91 %, 22225 MiB, 325.82 W
2026/09/20 00:45:26.387, 0, 95 %, 22463 MiB, 358.16 W
2026/09/20 00:45:26.388, 1, 92 %, 22225 MiB, 341.88 W
2026/09/20 00:45:56.390, 0, 99 %, 22463 MiB, 394.97 W
2026/09/20 00:45:56.391, 1, 95 %, 22225 MiB, 389.30 W
2026/09/20 00:46:26.393, 0, 95 %, 22463 MiB, 357.41 W
2026/09/20 00:46:26.394, 1, 91 %, 22225 MiB, 339.27 W
2026/09/20 00:46:56.395, 0, 94 %, 22463 MiB, 356.84 W
2026/09/20 00:46:56.396, 1, 91 %, 22225 MiB, 349.53 W
2026/09/20 00:47:26.398, 0, 92 %, 22463 MiB, 362.49 W
2026/09/20 00:47:26.399, 1, 91 %, 22225 MiB, 330.26 W
2026/09/20 00:47:56.401, 0, 95 %, 22463 MiB, 362.10 W
2026/09/20 00:47:56.402, 1, 92 %, 22225 MiB, 347.67 W
2026/09/20 00:48:26.403, 0, 95 %, 22463 MiB, 357.57 W
2026/09/20 00:48:26.404, 1, 91 %, 22225 MiB, 327.12 W
2026/09/20 00:48:56.406, 0, 94 %, 22463 MiB, 357.54 W
2026/09/20 00:48:56.408, 1, 99 %, 22225 MiB, 360.48 W
2026/09/20 00:49:26.409, 0, 97 %, 22463 MiB, 366.75 W
2026/09/20 00:49:26.410, 1, 91 %, 22225 MiB, 379.45 W
2026/09/20 00:49:56.412, 0, 95 %, 22463 MiB, 358.38 W
2026/09/20 00:49:56.413, 1, 86 %, 22225 MiB, 347.14 W
2026/09/20 00:50:26.414, 0, 95 %, 22463 MiB, 357.07 W
2026/09/20 00:50:26.416, 1, 91 %, 22225 MiB, 339.91 W
2026/09/20 00:50:56.417, 0, 95 %, 22463 MiB, 395.51 W
2026/09/20 00:50:56.418, 1, 91 %, 22225 MiB, 322.80 W
2026/09/20 00:51:26.422, 0, 94 %, 22463 MiB, 357.31 W
2026/09/20 00:51:26.423, 1, 91 %, 22225 MiB, 328.84 W
2026/09/20 00:51:56.424, 0, 95 %, 22463 MiB, 357.87 W
2026/09/20 00:51:56.425, 1, 91 %, 22225 MiB, 333.80 W
2026/09/20 00:52:26.427, 0, 94 %, 22463 MiB, 375.98 W
2026/09/20 00:52:26.428, 1, 91 %, 22225 MiB, 330.98 W
2026/09/20 00:52:56.429, 0, 95 %, 22463 MiB, 357.12 W
2026/09/20 00:52:56.431, 1, 91 %, 22225 MiB, 326.94 W
2026/09/20 00:53:26.432, 0, 95 %, 22463 MiB, 357.17 W
2026/09/20 00:53:26.433, 1, 97 %, 22225 MiB, 360.70 W
2026/09/20 00:53:56.435, 0, 95 %, 22463 MiB, 356.09 W
2026/09/20 00:53:56.436, 1, 91 %, 22225 MiB, 357.43 W
2026/09/20 00:54:26.437, 0, 95 %, 22463 MiB, 356.23 W
2026/09/20 00:54:26.438, 1, 91 %, 22225 MiB, 340.38 W
2026/09/20 00:54:56.439, 0, 94 %, 22463 MiB, 383.30 W
2026/09/20 00:54:56.440, 1, 100 %, 22225 MiB, 390.93 W
2026/09/20 00:55:26.441, 0, 95 %, 22463 MiB, 379.49 W
2026/09/20 00:55:26.442, 1, 91 %, 22225 MiB, 328.73 W
2026/09/20 00:55:56.444, 0, 95 %, 22463 MiB, 389.78 W
2026/09/20 00:55:56.445, 1, 91 %, 22225 MiB, 328.26 W
2026/09/20 00:56:26.446, 0, 95 %, 22463 MiB, 358.07 W
2026/09/20 00:56:26.447, 1, 91 %, 22225 MiB, 332.45 W
2026/09/20 00:56:56.449, 0, 100 %, 22463 MiB, 399.32 W
2026/09/20 00:56:56.450, 1, 37 %, 22225 MiB, 244.22 W
2026/09/20 00:57:26.451, 0, 94 %, 22463 MiB, 357.13 W
2026/09/20 00:57:26.452, 1, 54 %, 22225 MiB, 227.29 W
2026/09/20 00:57:56.454, 0, 94 %, 22463 MiB, 357.83 W
2026/09/20 00:57:56.455, 1, 91 %, 23125 MiB, 321.07 W
2026/09/20 00:58:26.457, 0, 95 %, 22463 MiB, 378.03 W
2026/09/20 00:58:26.457, 1, 0 %, 23125 MiB, 75.64 W
2026/09/20 00:58:56.459, 0, 95 %, 22463 MiB, 355.39 W
2026/09/20 00:58:56.460, 1, 93 %, 23125 MiB, 310.00 W
2026/09/20 00:59:26.461, 0, 100 %, 22463 MiB, 404.77 W
2026/09/20 00:59:26.462, 1, 0 %, 23125 MiB, 122.65 W
2026/09/20 00:59:56.464, 0, 95 %, 22463 MiB, 350.82 W
2026/09/20 00:59:56.465, 1, 91 %, 23125 MiB, 396.70 W
2026/09/20 01:00:26.466, 0, 100 %, 22463 MiB, 365.80 W
2026/09/20 01:00:26.467, 1, 91 %, 23125 MiB, 400.56 W
2026/09/20 01:00:56.469, 0, 95 %, 22463 MiB, 348.41 W
2026/09/20 01:00:56.470, 1, 0 %, 23125 MiB, 87.35 W
2026/09/20 01:01:26.471, 0, 100 %, 22463 MiB, 383.29 W
2026/09/20 01:01:26.472, 1, 91 %, 23125 MiB, 114.76 W
